{
  "created_at": 1781840370.5208,
  "target_text": "Sẽ có những con chó phải trả giá",
  "ref_text": "Công cha như núi Thái Sơn, nghĩa mẹ như nước trong nguồn chảy ra.",
  "summary": {
    "single_sentence_cached_ref": {
      "runs": 8,
      "wall_avg_s": 0.6156462139770156,
      "wall_min_s": 0.6146999859483913,
      "wall_max_s": 0.6190119909588248,
      "wall_p50_s": 0.6151579264551401,
      "done_avg_s": 0.6144788869569311,
      "audio_avg_s": 2.62,
      "rtf_wall_avg": 0.2352151588217054,
      "rtf_wall_min": 0.22427970686913942,
      "rtf_wall_max": 0.24435921550898385,
      "engine_time_avg_s": 0.414762375,
      "completion_tokens_avg": 72.5
    },
    "four_chunk_job_cached_ref": {
      "runs": 2,
      "wall_avg_s": 1.8272507834481075,
      "wall_min_s": 1.8248190769227222,
      "wall_max_s": 1.829682489973493,
      "wall_p50_s": 1.8272507834481075,
      "done_avg_s": 1.8257718834793195,
      "audio_avg_s": 10.440000000000001,
      "rtf_wall_avg": 0.17508381400791864,
      "rtf_wall_min": 0.1719626400351027,
      "rtf_wall_max": 0.17820498798073459,
      "engine_time_avg_s": 1.652168,
      "completion_tokens_avg": 289
    },
    "concurrent_2_cached_ref": {
      "runs": 2,
      "wall_avg_s": 0.8240412230370566,
      "wall_min_s": 0.6225627890089527,
      "wall_max_s": 1.0255196570651606,
      "wall_p50_s": 0.8240412230370566,
      "done_avg_s": 0.8227773360558785,
      "audio_avg_s": 2.66,
      "rtf_wall_avg": 0.306065926731246,
      "rtf_wall_min": 0.2510333826649003,
      "rtf_wall_max": 0.3610984707975918,
      "engine_time_avg_s": 0.42041300000000004,
      "completion_tokens_avg": 73.5,
      "group_wall_s": 1.0257191489217803,
      "requests_per_second_group": 1.949851479425307
    }
  },
  "rows": [
    {
      "label": "single_sentence_cached_ref",
      "run_index": 0,
      "request_id": "e7dab3e6-31d8-47f0-8aa9-607a0e8ca468",
      "chunks": 1,
      "input_chars": 32,
      "polls": 4,
      "submit_s": 0.0008963620057329535,
      "time_to_done_s": 0.6137851759558544,
      "download_s": 0.0012957780854776502,
      "wall_s": 0.615080954041332,
      "audio_duration_s": 2.72,
      "rtf_wall": 0.22613270369166616,
      "rtf_done": 0.22565631468965233,
      "audio_bytes": 130604,
      "chunk_count": 1,
      "engine_time_s": 0.433023,
      "prompt_tokens": 158,
      "completion_tokens": 75,
      "total_tokens": 233
    },
    {
      "label": "single_sentence_cached_ref",
      "run_index": 1,
      "request_id": "82e4ab4d-8a05-49dd-a9e5-7252092ef44d",
      "chunks": 1,
      "input_chars": 32,
      "polls": 4,
      "submit_s": 0.0011691059917211533,
      "time_to_done_s": 0.6140654858900234,
      "download_s": 0.0011572260409593582,
      "wall_s": 0.6152227119309828,
      "audio_duration_s": 2.6,
      "rtf_wall": 0.2366241199734549,
      "rtf_done": 0.23617903303462437,
      "audio_bytes": 124844,
      "chunk_count": 1,
      "engine_time_s": 0.410955,
      "prompt_tokens": 158,
      "completion_tokens": 72,
      "total_tokens": 230
    },
    {
      "label": "single_sentence_cached_ref",
      "run_index": 2,
      "request_id": "4df0f8b1-a90d-43f7-b2a6-e26073a1ff52",
      "chunks": 1,
      "input_chars": 32,
      "polls": 4,
      "submit_s": 0.0010716150281950831,
      "time_to_done_s": 0.6148368100402877,
      "download_s": 0.0009484130423516035,
      "wall_s": 0.6157852230826393,
      "audio_duration_s": 2.52,
      "rtf_wall": 0.24435921550898385,
      "rtf_done": 0.24398286112709827,
      "audio_bytes": 121004,
      "chunk_count": 1,
      "engine_time_s": 0.40027,
      "prompt_tokens": 158,
      "completion_tokens": 70,
      "total_tokens": 228
    },
    {
      "label": "single_sentence_cached_ref",
      "run_index": 3,
      "request_id": "dfeb63c2-0e88-4e6c-8f5b-75e2635b7d10",
      "chunks": 1,
      "input_chars": 32,
      "polls": 4,
      "submit_s": 0.0008669019443914294,
      "time_to_done_s": 0.6176706230035052,
      "download_s": 0.0013413679553195834,
      "wall_s": 0.6190119909588248,
      "audio_duration_s": 2.76,
      "rtf_wall": 0.22427970686913942,
      "rtf_done": 0.22379370398677725,
      "audio_bytes": 132524,
      "chunk_count": 1,
      "engine_time_s": 0.434221,
      "prompt_tokens": 158,
      "completion_tokens": 76,
      "total_tokens": 234
    },
    {
      "label": "single_sentence_cached_ref",
      "run_index": 4,
      "request_id": "0abf2f1f-f679-4d13-a55d-3cba5a20c87e",
      "chunks": 1,
      "input_chars": 32,
      "polls": 4,
      "submit_s": 0.0011059149401262403,
      "time_to_done_s": 0.6136857249075547,
      "download_s": 0.0013672680361196399,
      "wall_s": 0.6150529929436743,
      "audio_duration_s": 2.56,
      "rtf_wall": 0.24025507536862278,
      "rtf_done": 0.23972098629201355,
      "audio_bytes": 122924,
      "chunk_count": 1,
      "engine_time_s": 0.405135,
      "prompt_tokens": 158,
      "completion_tokens": 71,
      "total_tokens": 229
    },
    {
      "label": "single_sentence_cached_ref",
      "run_index": 5,
      "request_id": "d3c7d7f4-3412-4741-b446-68fc23dc93d1",
      "chunks": 1,
      "input_chars": 32,
      "polls": 4,
      "submit_s": 0.0013199079548940063,
      "time_to_done_s": 0.6142060039564967,
      "download_s": 0.0009287219727411866,
      "wall_s": 0.6151347259292379,
      "audio_duration_s": 2.68,
      "rtf_wall": 0.2295278828094171,
      "rtf_done": 0.22918134475988683,
      "audio_bytes": 128684,
      "chunk_count": 1,
      "engine_time_s": 0.42255,
      "prompt_tokens": 158,
      "completion_tokens": 74,
      "total_tokens": 232
    },
    {
      "label": "single_sentence_cached_ref",
      "run_index": 6,
      "request_id": "23016a72-8e94-46a8-b049-0a54f651029f",
      "chunks": 1,
      "input_chars": 32,
      "polls": 4,
      "submit_s": 0.0009131729602813721,
      "time_to_done_s": 0.6136969130020589,
      "download_s": 0.001003072946332395,
      "wall_s": 0.6146999859483913,
      "audio_duration_s": 2.6,
      "rtf_wall": 0.23642307151861203,
      "rtf_done": 0.2360372742315611,
      "audio_bytes": 124844,
      "chunk_count": 1,
      "engine_time_s": 0.411628,
      "prompt_tokens": 158,
      "completion_tokens": 72,
      "total_tokens": 230
    },
    {
      "label": "single_sentence_cached_ref",
      "run_index": 7,
      "request_id": "037b167c-8743-4509-a7de-3ffab0e39961",
      "chunks": 1,
      "input_chars": 32,
      "polls": 4,
      "submit_s": 0.0010571139864623547,
      "time_to_done_s": 0.6138843588996679,
      "download_s": 0.0012967680813744664,
      "wall_s": 0.6151811269810423,
      "audio_duration_s": 2.52,
      "rtf_wall": 0.24411949483374695,
      "rtf_done": 0.24360490432526502,
      "audio_bytes": 121004,
      "chunk_count": 1,
      "engine_time_s": 0.400317,
      "prompt_tokens": 158,
      "completion_tokens": 70,
      "total_tokens": 228
    },
    {
      "label": "four_chunk_job_cached_ref",
      "run_index": 0,
      "request_id": "721d9caf-8190-4a11-9507-4edfe7640e2d",
      "chunks": 4,
      "input_chars": 128,
      "polls": 10,
      "submit_s": 0.0010281839640811086,
      "time_to_done_s": 1.8280137879773974,
      "download_s": 0.0016687019960954785,
      "wall_s": 1.829682489973493,
      "audio_duration_s": 10.64,
      "rtf_wall": 0.1719626400351027,
      "rtf_done": 0.17180580714073285,
      "audio_bytes": 510896,
      "chunk_count": 4,
      "engine_time_s": 1.680676,
      "prompt_tokens": 632,
      "completion_tokens": 294,
      "total_tokens": 926
    },
    {
      "label": "four_chunk_job_cached_ref",
      "run_index": 1,
      "request_id": "55ed8130-9a85-48bd-9629-483e8c4d3b27",
      "chunks": 4,
      "input_chars": 128,
      "polls": 10,
      "submit_s": 0.0011289259418845177,
      "time_to_done_s": 1.8235299789812416,
      "download_s": 0.001289097941480577,
      "wall_s": 1.8248190769227222,
      "audio_duration_s": 10.24,